{
  "company_name": "Consorcio Holding",
  "timestamp": "2025-12-12T16:55:26.881050",
  "total_cost": 0.0008022700000000001,
  "total_tokens": 1293,
  "queries_count": 5,
  "sources_count": 15
}
